locality_id,longitude,latitude
L2390329,-114.056848,51.0292262
L760023,-113.0704308,49.900108
L299543,-115.5931835,51.1722383
L163249,-115.84621,51.26341
L1496701,-114.0100462,50.9031505
L817096,-113.3737779,53.5836653
L521077,-119.0905952,55.2064022
L711510,-118.806088,55.1715889
L2589245,-113.3998275,53.554765
L879045,-114.0070252,50.8893184
L619864,-110.9042358,54.0738942
L795636,-113.5085106,53.6168484
L3444215,-113.9886475,50.3592066
L283710,-114.068837,51.0547884
L4434824,-113.5539687,51.2120319
L4745289,-113.5339057,53.2655466
L524794,-118.5699463,55.3338314
L419095,-113.4269714,50.8306619
L739139,-113.8605022,49.1318296
L604151,-113.6332655,50.9046296
L349379,-114.1164323,50.9807589
L467641,-110.2039433,54.4563187
L345997,-114.17685,51.09163
L622216,-110.1410294,54.4614576
L1303645,-113.6564827,53.6154737
L293997,-113.2250977,50.9389598
L1466360,-114.0091308,50.9370795
L3919690,-114.5261615,50.6367997
L302973,-110.469,49.113
L989270,-116.4559364,51.670213
L1405638,-114.0848091,50.9336108
L345993,-115.5608,51.17626
L4434750,-113.4126484,51.0420145
L1402922,-118.0853033,52.8750527
L629624,-114.4384003,53.5611635
L585195,-118.8190269,55.1981732
L4957070,-114.4387684,49.608823
L2586491,-113.4978461,51.2706955
L361663,-113.4448242,50.8241425
L163245,-115.6018546,51.1784927
L1175217,-116.6817248,55.6249673
L364690,-114.2077732,51.0099206
L770871,-111.7396259,54.1841878
L468251,-114.5805359,53.5492834
L287659,-113.9155556,49.0488889
L990052,-111.5173848,50.7621353
L351684,-110.48819,53.82942
L421273,-111.897085,50.5720852
L335790,-118.091526,52.8787654
L523499,-118.483,55.25
L434506,-114.5681763,50.9482617
L374723,-113.5404396,51.0461427
L521640,-118.9352417,55.249772
L467560,-118.8135338,55.2685542
L405210,-113.6967587,50.8056906
L892146,-110.3028202,49.6635585
L341675,-116.21629,51.41658
L430047,-113.9521962,50.8409441
L1146957,-112.1181715,49.7988156
L989258,-116.17836,51.4169804
L766102,-112.0462561,53.5008235
L343763,-116.18071,51.32747
L4466597,-111.6743664,50.6996822
L796823,-113.1836843,50.9027081
L1088329,-115.5707464,51.1784232
L3711088,-112.7593803,54.4377534
L342048,-111.616931,49.0824889
L161199,-114.00992,51.030354
L467351,-118.7706184,55.1890728
L626405,-112.899971,53.239948
L2544795,-118.0929,52.90631
L728322,-113.7139893,50.5448539
L1515946,-112.6647976,53.3499674
L2084086,-113.7998118,54.6512452
L294151,-114.0338889,50.9747222
L351685,-113.82444,53.5674
L161173,-114.121544,50.974445
L207050,-113.6591589,53.6143082
L417402,-117.6975632,56.22255
L1217921,-112.8701019,49.7033306
L624083,-114.9880251,50.5969496
L767443,-116.1526108,51.4448066
L2345069,-114.0039682,50.9135324
L801103,-114.2080951,49.5828104
L339530,-110.9668922,49.3550975
L592475,-114.1556311,51.0619507
L2,-115.3560111,51.0911115
L284048,-114.0275803,50.9967513
L1457863,-116.1257245,51.3981439
L1370725,-111.1020112,49.3889099
L864644,-111.6577113,49.3576797
L1547932,-112.7693398,51.4674857
L383716,-115.0548363,51.0301674
L497711,-114.0274429,50.9690219
L1312397,-114.1321086,50.9289271
L449814,-113.8025236,51.0691245
L524839,-113.0707741,53.2924125
L2584728,-114.0124655,50.8973148
L2971333,-113.7537718,51.0655108
L691371,-113.3210135,53.442468
L1902206,-112.8615551,49.6997415
L3584944,-110.75531960000001,54.251236
L368183,-110.645113,50.0432227
L1477820,-117.2206322,52.2372606
L739134,-112.8557682,49.6415672
L1864048,-118.0807976,52.8502928
L2386499,-114.0234089,51.0455559
L1148117,-112.8558382,53.6116013
L613589,-110.9179688,54.2427606
L286787,-110.1719284,49.6458468
L1450980,-115.4942685,51.2406503
L1448462,-114.0812042,51.1057912
L4832190,-113.5527563,53.5286952
L267671,-114.1463977,50.9904591
L475870,-114.1138744,50.930143
L375278,-114.0142465,51.0415423
L464086,-114.0165907,50.9002978
L2130827,-114.8225784,55.4237532
L451823,-113.3306694,50.9810197
L6202259,-113.7814454,50.571323
L452820,-113.3974242,51.1595112
L351682,-111.97699,54.83378
L3670796,-114.8468122,50.7980895
L371909,-113.6537361,49.7056101
L449812,-113.8152695,51.0420415
L2987054,-114.0461969,49.0172699
L739135,-112.830074,49.6498169
L2246573,-110.7816364,50.0507503
L739137,-113.9668465,49.0284142
L1484159,-111.9750166,49.8282387
L388503,-110.7574654,54.2608126
L255433,-115.63728330000001,51.2782396
L809952,-110.1799536,54.471933
L3510522,-113.6510539,53.616231
L374122,-117.5850499,53.3879164
L542688,-118.7275314,55.1555317
L864682,-110.1398277,49.045576
L2584738,-114.021015,50.9100249
L356247,-113.5398133,51.2570774
L2437629,-113.8806295,50.9504122
L1409960,-114.0875513,51.0739338
L2451734,-113.6912656,51.0353897
L265769,-113.7878267,53.4131868
L739140,-112.885306,49.6352914
L1802691,-114.2772531,51.0129689
L1462784,-113.8568103,49.0975809
L1850586,-112.5273264,53.3805798
L351687,-111.911062,50.44625
L1146986,-113.7179804,50.5652486
L772295,-113.052063,53.4144432
L793611,-110.222826,54.5612636
L604150,-113.6597443,50.9979843
L346002,-114.12205,51.1162
L624014,-115.051918,52.4570554
L989454,-113.8471985,49.1348622
L1795580,-114.7965172,51.050422
L635369,-118.8062382,55.1222691
L1356880,-113.9931804,50.9210768
L864468,-112.5541162,49.528941
L1292766,-115.1393795,50.9439896
L3187356,-114.1252805,51.0599413
L430045,-115.0829887,51.0776454
L864663,-111.1462355,49.415273
L760014,-113.4088191,50.1371524
L1501691,-118.1259875,52.8341256
L1801384,-114.02692,49.1308275
L2150274,-111.8614197,53.8711538
L2095406,-113.5861874,53.4978495
L4455344,-114.5401955,51.329539
L382140,-113.9895487,51.2853531
L346168,-111.9159973,59.9997425
L449808,-113.9411616,51.0360374
L356532,-113.7738957,50.3455588
L365659,-115.3815079,51.1266907
L3850381,-115.2050561,51.0668712
L4064271,-114.029181,49.1293831
L442152,-116.498251,51.7167131
L739138,-113.8488722,49.110512
L785676,-111.9458771,50.4124558
L3072967,-117.6387906,52.7165129
L2082982,-113.6168075,53.5830794
L1836444,-114.5409675,54.3620818
L470565,-113.9082952,49.0520628
L365657,-115.1617384,51.0595771
L1547965,-112.1980946,51.3691699
L299451,-114.4325753,50.8204703
L519679,-119.1233826,55.2215821
L672891,-119.1044998,55.0625429
L989311,-113.0129845,51.8358608
L629608,-113.1540298,53.3130316
L1182024,-116.8324542,55.6368747
L1462730,-113.8400877,49.1108448
L1466232,-112.0704314,49.7149733
L1550553,-114.1212401,50.9856366
L4585790,-117.1426678,53.5609086
L2334781,-116.6218472,51.8429899
L2465725,-114.1322717,51.0765837
L803361,-117.1169808,52.1898095
L1483681,-116.242413,51.4062717
L1864061,-118.0911238,52.92447
L522722,-118.3161449,55.2276525
L5901083,-113.916458,49.0515594
L1507985,-114.1035748,50.9296561
L608721,-113.4563255,53.5571868
L868214,-113.6111641,52.3906873
L4737322,-113.9510707,49.0977994
L288685,-114.0733731,50.9300618
L957432,-118.0209732,52.8218527
L710829,-118.7692451,55.3181571
L4657112,-110.1856895,49.6788427
L207055,-113.5900667,53.658656
L1544665,-116.2439132,51.4162712
L3840322,-115.0579986,51.083153
L3754466,-114.1740847,53.4937325
L1664680,-114.01474,51.0311391
L351692,-117.64117,52.72885
L5626574,-113.4503249,49.7177926
L1,-114.5731638,50.6594867
L5384518,-117.9955268,52.9195047
L817614,-113.6896133,53.9020626
L739303,-115.6846619,51.1537242
L4954999,-114.6035033,49.6722546
L519678,-119.1199493,55.2544684
L457482,-112.5741577,53.3718593
L2453818,-110.7145607,50.0422994
L3584784,-110.7269955,54.2470909
L809958,-110.0336552,54.4382526
L710824,-118.7657261,55.3386643
L367431,-113.5533142,53.4757873
L466955,-118.7436676,55.1194715
L1568351,-114.0527899,51.1313863
L1663163,-113.5365981,53.5333718
L367694,-114.1940077,50.2008736
L345519,-112.53756,53.44341
L524324,-119.4316864,55.1910205
L685328,-114.5029966,50.9880246
L524983,-118.5963821,55.3494507
L3887760,-118.0701542,52.8646419
L1770816,-112.8703734,49.4043063
L3124013,-115.574584,51.1445982
L386129,-112.1044922,50.4452621
L249610,-115.1853805,51.052159
L2337060,-111.8083911,50.53764
L351683,-110.89082,53.36849
L5712206,-113.9765722,50.7036933
L675622,-112.8333664,53.6769849
L2578680,-113.5529709,51.3025013
L345992,-114.22019,51.09815
L3331211,-118.040431,52.910712
L1480688,-115.9264173,51.2663972
L4458717,-113.4031266,49.72553
L2081912,-117.8842449,52.6654001
L381632,-114.7954559,50.8627443
L600767,-114.3545437,49.6086521
L1131197,-114.3438303,53.3413308
L3951441,-113.9224935,49.0346606
L2463483,-114.0617967,50.8895531
L382083,-114.1288733,51.0523883
L1437200,-115.7789543,51.0746763
L2428792,-113.5340881,50.4528044
L2894179,-111.3772058,56.7078155
L457479,-112.9206562,53.4164894
L152963,-114.1705998,51.0729832
L713464,-118.8119459,55.0675562
L3504729,-114.5374747,51.0903134
L4771587,-115.5713432,51.1712512
L163257,-115.58523,51.182087
L2474241,-114.2788786,50.6739185
L1470298,-117.2285128,52.2196444
L1152366,-118.0592537,52.8850845
L1292756,-115.9200096,51.2687892
L1472690,-115.0643089,51.0960556
L3125893,-116.2266827,51.3998482
L365648,-114.6164936,51.4555379
L4465890,-113.467388,50.8517896
L1972442,-114.0766867,52.5725797
L2547231,-116.7597274,51.9733171
L3536054,-114.6927595,51.131957
L2377650,-113.3927786,51.0969733
L9102265,-114.0539225,51.1482556
L672894,-119.2998505,55.2278483
L4465913,-113.051603,50.8662181
L5905284,-115.1517493,51.0477912
L3901914,-114.41423,49.31833
L351690,-117.93676,52.90344
L2286235,-114.9424839,51.0540204
L989283,-114.0443087,51.0453603
L1144299,-112.7799797,49.8841278
L4383149,-112.880702,49.6699332
L4458723,-113.9366549,49.4856059
L1438303,-112.9615576,51.9357074
L387126,-113.7947154,52.2851773
L624078,-115.7179642,51.1788049
L4643540,-115.3557667,51.0897987
L2549478,-111.6515207,50.4518724
L4834146,-113.5897064,51.2314515
L1172327,-113.8446236,53.7271856
L1612883,-112.6727729,49.4095994
L4465933,-112.9509209,51.2996488
L630497,-118.3071327,55.2212884
L306684,-117.7744064,52.8629496
L2606571,-114.1087675,49.4134861
L3073841,-118.0447912,52.6812216
L1477091,-118.026397,52.9305291
L2445494,-113.5459864,50.9783583
L502770,-113.7389231,50.1264662
L1000491,-113.346988,54.6171016
L1023235,-114.7346878,53.5548925
L1641837,-111.9280268,53.7149154
L863811,-112.2589874,49.379690600000004
L4137217,-114.9717595,52.3616361
L2310114,-110.6386757,54.2680312
L923233,-111.8950653,50.5939444
L857476,-113.4064123,53.5591912
L4973681,-112.7571956,49.6957789
L1336141,-112.7593689,49.6991422
L1626295,-113.6547655,53.6130314
L903263,-113.5594511,53.4910074
L1565414,-112.1346188,50.5886862
L2445512,-113.4498775,50.7189604
L889844,-113.7614107,53.585627
L2860057,-114.0644789,53.6220157
L2362988,-113.6547232,50.9823166
L4060773,-113.5314073,53.337861
L3936284,-115.10903,50.96851
L2902918,-113.6562265,51.0319167
L619868,-111.8736076,54.1518292
L3865802,-116.4186931,52.0625093
L5113323,-114.7758812,50.9184161
L909259,-114.0346527,53.7819923
L4774551,-112.4050927,59.9668768
L427237,-112.5556183,53.3519858
L163254,-115.53387,51.224293
L2362996,-113.6473138,51.008665
L898739,-113.9460929,49.4865956
L387130,-113.8093042,52.1970334
L592478,-112.8852376,51.4163699
L294463,-114.3836111,51.2497222
L901058,-112.4954724,53.8892668
L977852,-113.423624,53.4843684
L3516369,-114.5462465,53.5059668
L4541423,-113.4776813,53.4434713
L988020,-112.3767705,50.8717069
L1476139,-118.1105986,53.0586103
L3500270,-112.5863028,49.3756672
L2193019,-113.2208061,53.0063021
L581496,-114.4919586,51.2464439
L980750,-113.9749146,52.4928151
L3512486,-113.657297,53.625029
L892153,-111.957196,50.6188789
L1428807,-114.0748419,51.0830551
L2203430,-113.4074879,52.9760484
L3247817,-112.8585556,49.7389444
L980219,-114.1869164,51.7679992
L2869107,-111.5521288,56.9969971
L351689,-117.91915,53.21066
L794134,-117.7938652,53.4727733
L473224,-115.5881238,51.1971493
L785395,-112.5478935,53.3660211
L377682,-112.88763,51.5667
L2362998,-113.6668045,51.0087198
L2408209,-114.7249794,51.2096183
L4458713,-112.0866354,49.151825
L1156712,-112.5339031,53.2174949
L1782162,-116.3875255,52.2430108
L378258,-114.5845699,50.7927524
L4476839,-112.9004431,49.3246185
L459729,-116.4382553,51.6566903
L5751080,-114.1019011,53.7125584
L1861251,-114.6535951,51.3673056
L1546765,-112.9155278,49.811404
L1626031,-110.0957,49.6616557
L4476959,-115.0557807,51.0422207
L5444001,-115.1476831,50.9329951
L2465392,-113.9440155,51.1954819
L434493,-114.3644424,50.8212654
L4477108,-112.1511841,54.1025897
L993556,-112.8671665,50.22597
L5863846,-115.348098,51.1048976
L2514047,-113.5821614,50.0263285
L381463,-116.3316048,51.630131
L1172429,-117.2356916,52.2085265
L4946421,-118.0473876,52.9023017
L601261,-115.3365326,53.6377176
L351688,-118.00316,53.09568
L1525459,-114.094508,50.8967323
L2526101,-116.3993118,51.6647406
L3091544,-112.5169945,53.38297
L1626252,-113.5677777,53.2617314
L1466668,-112.9979156,49.9488446
L3239774,-113.6795028,50.9764263
L2277226,-118.264389,53.4614816
L4786892,-114.7475946,55.3555597
L880277,-114.1715527,51.0413399
L3056454,-114.9884033,52.922317
L4751684,-112.8732718,49.0934879
L4131210,-113.2564634,53.5308703
L387140,-112.86654,49.7098286
L1172342,-113.7381291,53.6102546
L1172430,-118.043453,52.6669499
L777510,-112.6586736,51.3830183
L3654926,-112.1101141,53.887901
L3488506,-114.781998,50.867767
L4157588,-114.0092254,51.130803
L1172879,-112.7677917,51.4796724
L1483665,-116.5061045,51.7164605
L4458732,-113.3017659,49.198757
L1004452,-115.3973007,51.1000726
L4404792,-115.0352857,51.0295264
L2174334,-111.5032294,56.9263134
L2291909,-116.0776806,51.4842692
L601247,-113.19166,53.47943
L1302485,-113.7026596,50.5404902
L4543653,-113.6588001,53.6113494
L3902702,-112.7175808,49.0598635
L4254108,-111.3832569,56.7389326
L2104992,-116.4784241,51.7032043
L1596969,-110.6484415,50.0362295
L1189981,-111.0279608,49.3988536
L1546095,-114.1315314,51.1379036
L3597690,-110.9487391,54.4650993
L2601979,-114.223558,52.0544417
L1319730,-113.90346,50.93736
L1208250,-117.5401926,53.4625036
L3562088,-110.5471802,54.5057352
L1302727,-113.6954927,50.5146545
L1302777,-113.7352753,50.5496534
L4523600,-110.8867988,52.8246469
L4065866,-115.1344261,50.6065929
L1453708,-118.0914689,52.893957
L2421426,-110.9457779,49.8043139
L2328038,-116.1781454,51.4256924
L1170708,-110.508728,49.6765152
L1302746,-113.6964798,50.5795306
L1169054,-111.1857605,56.4809798
L4731546,-113.5244966,50.5342381
L1695529,-113.2625306,50.9555207
L3588305,-113.6432219,49.1028141
L1173225,-114.4556794,52.0574189
L2188240,-111.4399052,49.3906418
L1515994,-115.1461441,50.918617
L1989232,-114.4648361,53.4643432
L1160649,-111.8279953,51.458217
L1138850,-112.7987552,49.689686
L2600991,-113.8765807,50.5785248
L1302473,-113.8514471,50.5781407
L3376674,-112.170964,49.8122625
L1456867,-115.4886704,51.2363771
L4487244,-110.7893313,50.0771546
L5105034,-111.2061063,51.2465877
L1468658,-115.8653782,51.2546379
L1159971,-112.3298836,49.1567868
L3597763,-110.7959819,54.4797129
L1195001,-116.7251587,51.935827
L4967602,-112.8078305,49.662596
L3073861,-118.0638456,52.8387581
L589266,-112.4409485,53.4541225
L4458748,-112.6621932,49.4654762
L3516292,-113.6533928,53.6380357
L463096,-118.277607,52.7196584
L2365578,-110.7559204,52.119577
L1305965,-113.7652731,50.7697151
L463091,-118.0825567,52.8008674
L2844004,-114.3929154,51.1686108
L4797573,-110.6164026,52.5983558
L2795455,-113.7719936,51.9675804
L4964456,-110.6969338,50.8495834
L3982060,-112.50961,53.352224
L2101615,-113.6738205,50.5984938
L1124106,-114.2419472,51.0960772
L2427962,-113.3959436,51.1350663
L3487340,-113.9528017,52.0202538
L1306706,-113.9230943,50.5257872
L283046,-113.6063066,51.3221198
L1020160,-114.0582561,49.0529453
L249609,-114.6070106,51.1007995
L2465278,-113.6312807,50.7456888
L1302864,-111.8182468,50.0612164
L4375015,-110.6844315,50.0228286
L4407401,-113.6140823,53.4807932
L6012373,-113.5832061,53.3073329
L4171050,-112.8289206,49.678263
L381176,-113.9975,49.0247222
L487040,-115.019474,51.0518083
L3242567,-114.4770724,51.1999368
L1535266,-114.1434401,51.0699584
L2175932,-113.8886547,50.5811111
L1291722,-117.1252441,58.5137829
L1304813,-113.69133,50.5461629
L1658518,-112.1310997,51.4979502
L365161,-112.9145279,50.553478
L1306710,-113.8438511,50.5779499
L1290052,-118.0980492,52.8940435
L1080133,-117.4444914,56.1873171
L2364445,-114.0913868,51.0103526
L1470943,-115.0925032,51.1045988
L2852352,-111.442008,56.7411921
L2593092,-114.5821667,50.9388517
L2588910,-114.0624028,50.9272946
L3655880,-115.4068816,51.07214
L7939230,-110.5948787,52.7485697
L2087596,-114.1612101,50.8755819
L4796776,-114.6891814,50.9013684
L2546181,-115.9443996,51.2821203
L2528031,-115.1554298,50.6276866
L4731977,-114.2445745,50.4191761
L6182398,-110.7286541,50.0354996
L2547256,-116.9723086,52.1101442
L3000839,-113.3819103,53.5627439
L2523394,-114.0686417,53.0317167
L1594810,-114.5408776,51.2826655
L4656114,-111.8291903,50.615625
L3584796,-110.7220253,54.2521397
L7516338,-113.8644724,50.9305375
L4656137,-111.3539886,50.5635585
L6346131,-113.5350323,54.1473302
L1513441,-113.6797385,50.5848824
L1020150,-113.8585291,49.2618657
L1827825,-113.3073691,53.6384522
L3840342,-115.1135445,51.0748008
L1626051,-110.8007609,50.0531444
L3119861,-114.0013395,51.0246016
L1547942,-114.1861402,51.0099632
L4465958,-110.356164,50.1634292
L2344648,-111.4861679,50.3704305
L2711858,-114.5218706,50.2087893
L1374628,-112.704897,52.3213018
L1640801,-113.4590958,53.5411213
L1595372,-110.1716091,54.641269200000004
L4150954,-113.9875853,50.8630016
L4090116,-114.3649077,49.5807513
L1612522,-117.568388,53.4017544
L4466628,-111.6128258,50.8400227
L4731526,-110.0378823,50.1259985
L3785377,-114.0929634,50.8884616
L1514676,-113.7765867,50.5389723
L4460909,-114.2310219,50.5324863
L2528021,-115.1307964,50.6346553
L385448,-114.6516037,50.3811593
L4616800,-112.2872686,50.3683502
L1604537,-110.257007,49.6670623
L4798169,-110.9086561,52.8390173
L1553313,-113.8545381,50.5846709
L1396869,-112.8563773,49.7221762
L3893019,-115.1121631,50.6188075
L1626047,-110.2287604,49.6184748
L2305834,-111.0755968,49.2111494
L1455612,-115.5837149,51.1732908
L377691,-114.7048187,51.5135234
L6352483,-113.4369037,53.4970789
L4034172,-114.2191149,51.1002309
L1625079,-113.9805257,52.459945
L4613366,-110.3736198,49.5323392
L4442270,-111.8717623,51.4461975
L4067027,-114.00002,51.0311391
L1833601,-113.57244,53.502373
L1626139,-115.3132094,51.0769476
L1474411,-116.0392085,51.239273
L3301813,-112.8491378,49.7524363
L1604529,-111.1134106,49.564276
L601255,-110.0302166,50.966332800000004
L1481803,-116.245399,51.4371564
L3653399,-113.3038473,53.5554329
L5760169,-115.4880474,51.1980368
L1536956,-113.8704372,51.1542113
L2343428,-113.9232559,51.0828147
L1547919,-112.5291807,51.5833882
L1513149,-113.8603575,50.5930548
L1477063,-117.0935175,52.2128408
L4964479,-110.2959226,50.9004252
L522764,-118.2801819,55.8845547
L4987878,-115.0207181,50.6352591
L3613580,-113.472125,53.513028
L3571653,-118.0447951,52.8813309
L5070459,-113.7827122,52.3026183
L797185,-110.5202293,53.3348196
L2117004,-110.4059243,49.9316104
L421278,-112.0693392,50.5002574
L3936310,-114.98474,50.60375
L3328414,-113.639338,53.6315945
L4465869,-113.9947341,51.0273005
L2588929,-114.3770367,51.2762986
L4757850,-114.0157753,51.0116936
L7417450,-115.3735766,51.0775435
L4602433,-115.1482522,50.8732936
L4920555,-118.5828638,53.9030483
L1835189,-113.5479951,53.5844508
L1454556,-113.8616056,49.0791612
L1462758,-113.7982905,49.0825441
L9196224,-113.4291232,50.6289316
L3219879,-113.9677638,49.0783708
L1376450,-112.9703709,52.5840998
L4582399,-111.4407353,49.4777798
L2475187,-113.8071243,51.0573965
L8891183,-114.7174966,50.8744625
L4487228,-112.6424206,50.3504214
L4142794,-113.7077075,53.3603551
L621083,-112.0134258,49.2376078
L3672130,-112.8694716,51.5378574
L2870441,-111.5906346,57.0014121
L3219888,-113.8890409,49.063238
L1094633,-113.3583069,53.4791587
L1374618,-112.7138075,52.3253699
L1484372,-110.492318,49.8783961
L3914783,-113.9048338,49.0612133
L2174536,-110.0284195,54.8034554
L4465884,-113.7791944,50.9148202
L4466037,-113.5352432,51.385031
L1477850,-117.1613964,52.21294
L1481799,-115.7257746,51.1866882
L2330413,-116.9004536,55.7143478
L989438,-114.0564537,49.0173825
L2189975,-111.5819925,57.1807524
L2526782,-114.0060309,50.8927102
L4689812,-112.779749,53.5371513
L2305643,-113.4625053,49.0069722
L4474852,-114.6521683,50.6467546
L2967861,-112.7801514,51.8370504
L463095,-118.24085,52.7256107
L2252556,-112.0873207,51.1247178
L8077432,-112.8732562,53.6160224
L3993701,-114.5479196,50.6434779
L603925,-114.7735262,52.9527232
L2253482,-113.5731518,53.5036058
L3581090,-112.9730934,53.3618705
L5516593,-114.0182886,51.006307
L4562364,-114.2467725,51.1082345
L2526480,-111.6406631,50.5433266
L2307870,-114.4863367,51.6770793
L2213238,-111.7364931,49.7534899
L2301398,-117.2476494,52.8947814
L4670542,-114.4734782,50.6429498
L2871348,-114.3767738,49.5696339
L2378468,-113.9584565,53.6259608
L2526167,-111.6581753,54.772954
L2167794,-111.4462566,56.7633562
L3375525,-111.8682861,53.6655951
L4977616,-114.0948694,51.017287
L2167809,-111.5637669,56.9895908
L4458786,-113.1252766,49.3636506
L372964,-112.3249483,51.0110968
L5760178,-115.496182,51.2281729
L3103863,-110.0228405,52.5794932
L2081640,-111.3510704,49.4234806
L4051320,-115.9945911,55.5001829
L3404962,-113.686223,50.7559524
L2268328,-118.5766002,56.2226664
L9282210,-114.0309648,49.5399259
L2175661,-111.4605796,56.9132605
L2362995,-113.6328149,50.9352683
L3562643,-112.1079254,53.831865
L4656111,-111.8851304,50.604214
L4465897,-113.2636541,50.4029659
L2474499,-113.8643646,50.5739164
L1089266,-111.2784576,53.951742
L3584931,-110.7370806,54.2608376
L4687159,-112.6466846,49.4832099
L2990842,-112.4601746,50.3842242
L3385174,-110.9382248,54.5186902
L2568676,-113.9865661,50.8687776
L3084292,-111.9978797,58.8432558
L4760593,-114.4496146,50.6434329
L2114677,-112.2506618,53.859614
L4466609,-111.9014711,50.9142097
L2268610,-118.6053576,55.922642
L2423969,-110.6742696,50.0184968
L4009800,-113.9245534,50.9277627
L1457804,-115.5240462,51.231936
L3655865,-112.9660138,53.4270558
L2602023,-113.7860166,52.2744887
L2478115,-110.7141365,50.0272747
L3584549,-110.9360576,54.264356
L4135367,-110.2138138,54.4132863
L524791,-118.5342407,55.3307068
L6436618,-115.1249785,50.6897421
L2860121,-111.3376379,56.7122792
L2364449,-114.0997124,50.9810197
L4753559,-114.6969438,50.6217055
L2582706,-113.3232598,50.7190534
L6324362,-114.245719,49.5420199
L4435039,-113.4742896,51.3077482
L4159161,-113.4775472,53.5260817
L4582404,-111.1045378,49.4775777
L5944680,-114.0256287,50.986957
L3889156,-112.668314,51.0615191
L6591464,-113.3332336,53.5121111
L3814781,-114.5030496,50.6384523
L4640234,-111.8312931,53.5049969
L4468946,-113.1717217,53.6349187
L4125251,-113.3755589,53.9466909
L4234130,-115.0022945,55.347157
L4958802,-114.919236,52.3775995
L4466023,-112.8901172,52.4630983
L3087622,-115.5622373,51.1859553
L2338367,-115.788826,51.1370949
L4464647,-113.671267,53.5005172
L10021404,-112.7299588,51.5628471
L3784084,-112.06213,51.04217
L3854543,-116.4171195,52.0424082
L2484149,-112.9817891,51.1106152
L2714195,-113.865047,52.2005866
L4458709,-112.1496123,49.7901238
L3508301,-113.3733916,53.5798946
L4818970,-113.6857282,49.0249688
L1472683,-115.1932684,50.8144487
L4382091,-113.9285472,51.0325088
L1454931,-113.8852913,49.0869747
L3368416,-115.3552142,51.0873339
L4457072,-115.1253421,50.9508959
L6125708,-113.4977925,53.525679
L4234064,-114.82481,55.4596842
L2565698,-113.8090897,50.3891495
L2526376,-114.2315912,51.1141918
L7467503,-113.6531889,50.9663028
L3061754,-111.9350517,58.4358779
L2682221,-112.7882309,49.0290376
L2946834,-117.8618431,53.3107753
L3094241,-111.9819615,54.7683763
L2951042,-111.1931205,58.7038151
L2795478,-113.4750795,51.909795
L3090398,-112.1725774,50.683965
L2344664,-112.9269218,50.2274416
L2565176,-111.9781494,50.6798726
L3061740,-111.9196022,58.315433
L1986291,-114.3956233,49.5869699
L4434776,-113.4144187,51.0942512
L4002494,-113.9421648,51.015345
L4316196,-110.0160599,54.4401619
L3015799,-115.3387548,50.8740891
L3464085,-114.1984874,51.0997761
L2805866,-114.6348238,53.195827
L3097987,-114.7461891,53.6232629
L3078132,-111.6024256,58.6352985
L2891993,-112.5109005,54.6744265
L3025951,-112.4050444,59.9668601
L2793119,-113.0551985,52.4512398
L4487207,-112.0069885,51.7218178
L2952737,-112.7802329,49.2042185
L2833609,-112.8791142,52.172142
L9365448,-113.6179761,53.6189626
L3089074,-112.7871633,51.4708064
L1100900,-113.2613182,55.1771523
L4382219,-114.234028,50.8761066
L3302399,-113.6230201,50.6050004
L2518249,-111.9814324,51.6554923
L2871774,-110.9015751,56.1957225
L2587255,-110.9757435,53.3942826
L4457075,-114.866846,51.0457877
L2859728,-113.7631702,51.9395426
L4840421,-111.8517315,50.3969948
L3121575,-116.0483694,53.35716
L632068,-118.6296844,54.5513586
L3121609,-116.0629821,53.2123038
L2677947,-113.683337,53.4883775
L2565593,-111.1613899,58.7196875
L2902157,-111.4833784,58.5968135
L3099931,-118.0895734,53.0107649
L4774533,-114.5423841,53.2635701
L3291984,-114.4980818,49.6364483
L3641539,-117.3254013,53.0312263
L4655488,-114.0301064,51.4311398
L3242568,-114.4975662,51.1806522
L1451643,-116.2213484,51.4586588
L2897115,-111.9642448,53.9046416
L2915048,-114.068749,51.9390928
L4553443,-112.2190534,52.4918287
L4943953,-110.8292413,54.2576415
L1477079,-117.7203992,52.8557622
L2952119,-119.8944855,56.3170365
L7314944,-115.3004408,51.0561784
L2691862,-117.5655475,55.1198764
L2216667,-113.1469488,54.5533871
L4455448,-111.9300802,51.6489622
L2894289,-114.703998,50.8957521
L2910105,-111.3213515,56.701673
L2945178,-115.6035224,53.6101718
L3331231,-118.1415868,52.7500791
L2950513,-114.7047611,50.6153016
L3096913,-118.7549973,55.1746983
L4465995,-114.1065031,51.795038
L4320864,-114.0413287,51.0470837
L4483844,-110.6912041,54.2764011
L2987742,-112.8879762,52.309292
L4190027,-115.0906384,51.0779622
L6528352,-113.4950995,50.9605563
L463093,-118.1030273,52.7747319
L3027297,-116.1628,55.55
L2700796,-113.6408615,52.5547992
L3760226,-113.8267091,49.1083734
L4766532,-113.658371,53.8119026
L2812614,-113.7299699,52.475331
L2565785,-113.1887054,52.0959606
L2439068,-114.0888065,51.0583633
L2999206,-113.547821,53.4532026
L3218450,-113.2790852,53.6826024
L6265696,-113.7583466,53.4078281
L3108679,-113.309319,50.8913939
L4505590,-113.8281977,50.8030531
L3967067,-115.2350378,51.053448
L4217622,-114.2326976,50.6883833
L4640802,-115.560434,51.1660409
L3929953,-114.6173505,50.6498159
L486981,-114.97945,51.3729
L368471,-115.27,55.27
L2892181,-112.7848291,54.0990668
L3480111,-114.094018,51.0488852
L2598337,-114.0760647,50.6011118
L3040871,-111.9149874,50.5674907
L4411544,-113.0669117,53.041213
L3866118,-114.8487139,50.8429257
L4045868,-114.7941598,50.858334
L8935416,-113.860778,53.591997
L3953208,-112.6314046,49.4814506
L6976696,-113.4041405,53.4684476
L4731733,-110.6972498,49.0578107
L2565746,-113.474468,51.2835279
L3834066,-116.1329107,58.4350962
L4512861,-114.6815425,50.6675795
L4412230,-110.9952056,49.9817369
L3546596,-113.6755854,53.494301
L3576814,-113.2183814,53.5191348
L3805346,-114.4760518,50.7137094
L4071800,-114.7532292,51.0407505
L1462788,-113.8663372,49.0683728
L631597,-110.0088889,49.6494444
L2976639,-112.8279419,53.4515404
L3691228,-113.7121296,53.3506367
L3801671,-114.8401684,50.5224824
L3526889,-110.8632517,53.3958052
L3982102,-114.0059097,53.4566868
L4326227,-114.1235722,51.162504
L3608349,-111.4953947,49.8552368
L3974101,-114.8510227,51.9958193
L3835278,-114.4094324,49.3127294
L3854694,-116.1917549,52.4491073
L3450130,-113.2714962,53.6868179
L3763578,-114.7215074,50.610233
L3628275,-112.0905554,54.8682356
L3295396,-112.8629994,49.6765985
L3682052,-113.6747861,49.3236955
L4958812,-114.73942,52.0945044
L3823108,-113.554666,50.7579343
L3530403,-111.464679,52.253641
L3884091,-115.294841,50.8043609
L3801659,-114.8765123,51.0369414
L4234101,-114.7868299,55.470535
L3620974,-113.8894311,49.0747934
L522778,-118.5301208,55.627996
L3794449,-113.740897,51.9052969
L4766543,-113.6667287,53.799675
L3862581,-117.0926285,52.3488156
L6330000,-114.2994833,50.824644
L4234092,-114.8043716,55.4121953
L3657229,-111.9354444,52.9438234
L3829011,-113.82794,55.94442
L3860509,-115.165987,50.6457052
L4984362,-114.68285,49.6274423
L2574062,-113.7716031,51.0636768
L4234056,-110.3511429,54.532189
L4954998,-114.6440744,49.6305106
L4012671,-113.2440019,53.4832959
L1455828,-113.8757601,49.1077066
L4069562,-113.86058,50.5711329
L5934556,-113.5760272,53.8674151
L3893077,-115.0134659,51.0561245
L3665561,-111.4556766,56.7484404
L4858557,-113.649745,54.2362901
L4276056,-113.4742427,53.5208954
L4831792,-113.3293819,50.9255987
L4466007,-114.0374865,51.933252
L3884040,-114.7725981,50.5209579
L606198,-113.346424,54.612914
L549529,-119.0478516,53.9047427
L3261718,-114.4051005,49.6004442
L4805688,-113.567161,53.616975
L3664780,-111.2653899,58.8481998
L3993742,-111.69066,50.57498
L3918574,-113.4450645,53.5594592
L4102683,-113.5590434,53.5381013
L3656850,-111.90833,50.40402
L2474061,-111.8971467,50.4003117
L4587325,-113.5867023,53.7637313
L4618173,-112.6979792,52.3165463
L2465351,-114.734311,50.6049221
L3334152,-114.3260761,50.8850403
L4740026,-115.1126084,51.0775746
L4090432,-115.676516,54.1252332
L5130990,-114.8556157,50.793767
L4796779,-114.7528433,50.8663398
L2512264,-112.3025894,50.155126
L4815973,-115.1232997,50.6639294
L5213691,-112.8632046,49.6590774
L3960543,-113.3279111,50.9159528
L4832268,-115.0156068,51.1025269
L4798811,-114.7936736,50.8624904
L4226433,-113.6305296,53.4826319
L4279929,-110.4807901,54.3314901
L8158224,-115.5488824,51.1520843
L4029854,-114.8063457,50.8185897
L1476198,-118.0836237,53.0436254
L3651023,-111.2781318,54.1513517
L4464026,-113.1465411,53.1161297
L4985175,-113.7905303,52.2951312
L4912580,-115.6393862,55.3196467
L4766482,-113.5235953,53.7462173
L4699715,-113.7472565,53.3710395
L4466595,-111.9053107,50.7310736
L2864646,-111.732502,50.4758791
L4715388,-112.9523847,51.2094521
L4965298,-111.2863541,53.9838152
L4466026,-112.8593302,52.4762459
L4458743,-113.107354,49.8044109
L4508599,-111.8451226,50.3709369
L4685040,-111.9936419,59.7914586
L4582481,-112.862404,49.6935634
L4674600,-115.5051899,51.271152
L4617662,-113.8522947,49.321136
L4188939,-111.1648956,58.4095795
L9147394,-113.8157196,50.9836106
L4947060,-113.5932899,53.4985992
L4125553,-113.0732739,53.7153902
L4413347,-112.8548824,49.6854357
L2565664,-113.1612396,52.0618844
L4434743,-113.3987975,51.0563942
L4811073,-112.044754,58.8473037
L2565332,-111.4920902,50.3958253
L4651484,-114.3404031,50.7010727
L4748429,-112.2774625,50.6660427
L6334993,-113.7118478,49.5647993
L7314975,-114.0695268,51.0175749
L4458745,-112.526342,49.5043774
L4465862,-113.9712047,51.1044786
L4536434,-114.1237825,53.7118726
L2528036,-115.3300953,50.9267348
L3982166,-114.898215,55.48063
L4487234,-111.3794495,49.8705134
L2577311,-113.5524344,51.69029
L601250,-112.02019,52.62563
L4376777,-113.5383797,53.501551
L4579631,-113.468492,53.6385827
L468599,-118.8649668,55.141521
L4908923,-113.4786469,53.6176948
L4141874,-114.0116883,50.942957
L2614485,-114.6931632,50.9478325
L2196332,-119.083333,58.75
L2519489,-110.015502,52.6635782
L4989173,-114.1785436,51.1531949
L4573423,-113.3485194,50.7160621
L4155593,-111.8857701,50.5772158
L4382893,-111.897769,50.365996
L8106300,-113.8690255,53.559231
L4855493,-117.9888645,52.7642194
L4434746,-113.3886863,51.0451478
L4949431,-110.0412083,53.2598394
L2439716,-115.1969984,50.8644064
L4346108,-112.8348309,50.3512147
L5428346,-112.9989016,53.5325921
L4870220,-113.9165497,53.5491814
L4466534,-111.6423368,50.2252452
L632066,-119.0904236,53.8810714
L5371317,-113.4334892,53.5725242
L4385350,-116.0241437,51.2491571
L4906983,-113.4862804,53.6319414
L9642399,-115.3650163,51.0873406
L4442241,-112.2052789,51.8477621
L4591734,-112.8687876,49.6904836
L4919154,-117.6311874,52.7321492
L4660635,-110.5435753,52.1408633
L4188982,-111.1810184,58.4555693
L6420994,-114.1529414,54.4172807
L4550728,-113.925802,50.9205054
L4649962,-114.3056202,49.8687509
L4920683,-111.89955,54.7604914
L8931855,-114.0656752,51.0344121
L4634825,-117.8289914,53.2272842
L4458736,-112.622766,49.7239365
L4465922,-112.463755,50.7886606
L467346,-118.7946081,55.1359357
L4465733,-111.9065237,51.6457617
L4891434,-113.8355826,51.2105223
L4993461,-111.9647491,59.8145711
L4267124,-114.0949246,51.7914854
L4791983,-111.5497684,56.9808179
L4376814,-110.6055021,54.3107152
L4463732,-112.8944349,53.1106173
L4442166,-112.6273727,51.8349289
L4601122,-119.9859703,55.0544116
L4937237,-114.2988708,49.3703193
L4814110,-114.5342195,50.4015256
L4145459,-111.1188038,53.9914378
L5124731,-111.9309664,50.492133
L4376781,-110.9671766,53.6548888
L4465997,-114.6393131,51.7970593
L4921518,-111.0175323,55.6235619
L6474100,-112.72649440000001,50.1771878
L4865832,-110.0136539,50.9547629
L4832301,-113.9756012,52.5145494
L5084948,-115.0135608,51.0328025
L4873815,-115.4183544,51.0615878
L5282060,-113.6934435,53.520653
L4465987,-114.0969557,51.5620184
L5113298,-114.748296,50.8798202
L4275092,-115.31147,55.882629
L4589092,-112.1091485,50.6649002
L4996566,-114.6692741,50.8879393
L6095008,-113.2443237,53.0174853
L4487240,-110.9068999,49.8766759
L4508938,-116.7680812,53.5589909
L4458751,-112.8685912,49.4173154
L4591741,-112.8599417,49.6861975
L4466014,-113.8727418,52.1354135
L5863692,-116.0711518,52.4754609
L630537,-118.9661407,55.2047369
L6364560,-113.4359515,53.4971922
L5982682,-114.9984176,52.414472
L6302033,-113.7170253,52.2724065
L4382180,-114.6805152,50.9538311
L5222870,-114.0145549,53.6287126
L5874385,-117.2021753,56.2096219
L6121528,-113.3980358,53.498258
L632108,-118.9990997,55.3681858
L6228009,-113.4546909,53.5521387
L5871314,-116.8117905,54.4583145
L6291172,-113.4780085,53.5389812
L6430239,-113.0988407,53.5669239
L5069909,-113.1525434,52.4031365
L2435412,-112.0183289,50.4738398
L6248661,-112.9733562,53.529799
L4487203,-111.6038418,50.3603017
L6353567,-115.5846949,52.9717021
L5832135,-112.9900718,53.4761705
L6167434,-112.5154549,53.3814405
L5751152,-114.0982962,53.8314396
L5105127,-114.6663178,51.2373875
L6193368,-110.2572334,54.3724586
L6132807,-118.3897448,56.0851965
L5954778,-113.9994755,49.1206551
L5950242,-115.3817868,51.0864208
L5526126,-115.1662649,51.0510685
L5897729,-111.9254816,59.8438818
L6008003,-114.3414004,49.4083051
L6174745,-112.3750412,50.9737512
L4955092,-112.4028182,53.3057751
L6281159,-113.1491804,53.4749445
L6086894,-112.8227663,53.6788024
L5658074,-113.7242274,53.4023966
L4553929,-111.927567,52.5132909
L6474073,-112.8512567,50.2375576
L4958808,-114.7456371,52.7548187
L6323198,-114.1644384,51.1434054
L2565752,-113.6359799,51.2131611
L4487220,-112.1077819,50.0692514
L6566853,-115.1993876,50.7050771
L5907872,-111.566396,49.2051186
L5916840,-112.8654392,49.6736562
L5918271,-113.8623905,53.650542
L6474087,-112.7360505,50.1912176
L6447786,-113.4878522,53.528077
L4731553,-113.5102976,50.5166193
L5970993,-114.2397628,51.9447067
L6226249,-113.3717823,53.5629478
L632074,-119.0113735,54.0614533
L8748338,-113.5062495,53.4292994
L637206,-118.1842232,55.1385605
L5972795,-112.927866,53.8018547
L6528765,-114.111671,51.0811365
L6636248,-119.114204,53.888527
L5928753,-113.9519548,53.3159544
L521079,-119.0990067,55.3467178
L4924057,-113.7743965,52.2746443
L5526128,-115.1583443,51.0545805
L711483,-119.0353203,55.5193021
L6257571,-112.3214547,51.2805697
L4419184,-110.6191707,54.157333
L6146468,-111.9809604,51.6501347
L7701900,-110.3154706,49.6629766
L6081147,-115.9288931,51.2736686
L5634131,-113.4589863,53.6177419
L6003590,-118.7601686,55.1717543
L6540220,-119.1852558,53.8492328
L6064101,-116.4432442,53.5826972
L5754551,-112.7629852,52.8759682
L4612500,-113.1883702,49.1781652
L4460796,-113.6436467,50.1648681
L5902583,-113.9137387,49.0600182
L4465991,-114.1374128,51.6608434
L7256765,-115.2021003,51.0656052
L5785728,-113.55075,53.6100382
L5487703,-110.1982784,54.4757483
L6003447,-116.8095589,54.3958508
L632092,-119.1223526,55.3791104
L366849,-114.5556483,50.7541732
L6004761,-114.5952451,53.1878015
L2565189,-112.0790488,50.2451638
L7148403,-118.8127828,55.1768092
L5619399,-119.3326378,55.3371022
L6688348,-114.1200049,51.040707
L5746619,-112.0514917,53.9044393
L5652382,-113.9634374,53.5338954
L8106688,-112.7301935,51.4670738
L389172,-114.4850922,54.1525832
L7266312,-113.8066944,52.2542228
L7745928,-115.508099,51.229242
L7801577,-113.4358574,50.1841416
L2575497,-114.2294347,50.4179935
L7655242,-113.99680240000001,50.7256514
L7335738,-113.830526,53.11054
L3104690,-110.0843039,52.5802409
L7433253,-115.3505449,56.0987903
L7600757,-113.4015688,49.7340129
L7596921,-113.2767034,53.472007
L7544299,-113.9604436,50.7145039
L9567184,-110.3116945,49.6484025
L6768406,-113.3861576,53.4636763
L9770253,-113.751521,51.0353981
L7680402,-115.1226308,50.6173652
L7582351,-113.2706791,53.6576494
L6474109,-113.7679204,50.1182082
L7871356,-114.4928096,51.1891529
L8066674,-112.4814177,59.8974185
L7808045,-114.2080517,53.8859629
L6741759,-113.4076649,53.4704935
L4466009,-114.0262071,51.9318437
L4487114,-112.6015377,49.832225
L7886227,-113.2655014,53.5627397
L7832910,-116.9381526,54.3620661
L7616201,-112.6378119,53.6973262
L7565761,-112.8193736,49.6714281
L7300863,-111.3706183,52.6947428
L7898061,-112.760445,51.5913326
L7938502,-110.841216,52.8372419
L7691182,-114.3803358,53.7038202
L7357266,-114.7912931,53.019895
L7448277,-112.0524895,53.8023617
L7614690,-116.034715,51.326931
L7871337,-114.4831543,51.1820362
L7637014,-114.3229387,49.4448057
L7680448,-115.1679729,50.8326148
L7545846,-113.9675422,50.7203741
L7707652,-110.2975416,49.6486255
L6181905,-114.79303,53.585026
L7138743,-110.6339389,49.2683996
L7432291,-112.3772299,50.9420532
L10029281,-114.1625964,49.5852775
L7924774,-114.3934602,49.6004547
L7801178,-113.425637,50.1367345
L8141866,-113.5688215,53.5293527
L467805,-118.9143848,55.1977813
L7519881,-113.6245346,53.8092393
L6797716,-115.3067956,50.7878526
L7566897,-114.4419633,50.1012317
L7979776,-116.7723246,53.4513652
L7808060,-114.7486135,54.1288141
L7691525,-112.1466228,55.8034656
L7287553,-114.9969864,53.6045765
L9238604,-114.1929883,49.4588726
L2565581,-113.099021,50.0465905
L1473841,-116.151577,51.4068556
L4686415,-112.1877265,49.6025058
L7941602,-114.0590132,51.0458795
L7817575,-117.1305735,52.1925191
L7201265,-115.3867251,50.8594647
L9660638,-112.5340374,51.3807655
L4798171,-112.070632,52.8506294
L2577450,-112.2315645,51.9082992
L4686426,-112.4673307,49.7383349
L8199569,-115.8435683,51.2441249
L9499488,-117.7707742,53.1301945
L7758931,-117.646142,52.532342
L8441853,-113.5256013,53.5269667
L8952004,-112.6531693,53.3655758
L9489586,-111.6910765,49.9277702
L10025986,-117.7941247,53.2693407
L9524417,-115.3531745,50.8679095
L9707494,-114.6090412,52.3723143
L9689574,-113.7733518,52.3159663
L9716448,-113.0497903,53.8320187
L8921156,-112.6940558,49.383675
L9844646,-115.695627,51.1683285
L9567029,-110.3278856,49.6427675
L9086279,-115.0168334,52.288567
L7432409,-111.8703461,50.5662572
L5916882,-112.9024472,49.1156695
L9499470,-117.8387884,53.1787154
L9716462,-111.8859942,54.0057212
L9707529,-114.4511205,52.4349593
L9528169,-112.8347571,53.01913
L9557819,-116.3555095,52.3877563
L9710743,-112.8925242,49.6876881
L8931864,-114.0653325,51.0263359
L8081053,-112.8685683,53.6846266
L9033533,-112.8765023,49.6537118
L9083145,-117.3571926,54.9551755
L8855302,-113.2862085,53.5646805
L9554558,-116.1479476,52.4546202
L8937119,-110.4378331,54.2513102
L9789472,-116.6280098,52.0089252
L9709580,-114.1695264,51.0870569
L9394469,-114.7928151,51.5986895
L9592592,-118.7703609,55.2714158
L9776007,-114.928343,52.3975657
L9086253,-115.3012785,52.2486316
L4466018,-113.6070161,51.7914837
L9269302,-111.0503231,58.7902891
L2465370,-112.7901131,51.3315904
L2577474,-112.1292114,51.784356
L8669890,-119.2889339,58.2805041
L9427694,-111.5374992,53.934101
L7998075,-110.6945362,49.4004564
L10027374,-112.3570491,54.1877023
L9372978,-111.9546,54.776204
L9154632,-110.6263624,50.017783
L9524178,-113.8087818,52.261403
L9861051,-114.854492,52.0125151
L4466591,-112.0893183,50.368328
L9754579,-114.336907,49.4012406
L9123998,-113.5582609,53.6302494
L542256,-117.6725006,55.0282189
L9086374,-115.5625672,52.5024751
L2528065,-114.2538643,52.0326405
L9665411,-117.160354,54.745212
L4127324,-115.0960135,51.0441596
L8476827,-113.5951224,53.7737336
L5068097,-113.4132151,50.2395102
L9453181,-119.7840664,54.3522992
L8632714,-115.6021793,57.7367495
L4466604,-112.0878712,50.7563851
